﻿API,권한,Method,URL,담당자,현황
특정 위스키의 리뷰 목록 조회,ANONYMOUS,GET,/api/reviews/whiskies/{whiskyId}/any?baseId={baseId}&reviewOrder={reviewOrder},Basic,Done
유저가 작성한 리뷰 목록 조회,ANONYMOUS,GET,/api/reviews/members/{memberId}/any?baseId={baseId}&reviewOrder={reviewOrder},Basic,Done
특정 위스키에 작성한 내 리뷰 목록 조회,MY,GET,/api/reviews/whiskies/{whiskyId}/my,Basic,Done
리뷰 저장,MY,POST,/api/reviews,Basic,Done
리뷰 수정,MY,PUT,/api/reviews/{reviewId},Basic,Done
리뷰 좋아요,MEMBER,POST,/api/reviews/{reviewId}/like,Basic,Done
리뷰 좋아요 취소,MEMBER,POST,/api/reviews/{reviewId}/like,Basic,Done
리뷰 삭제,MY,DELETE,/api/reviews/{reviewId},Basic,Done