﻿API,권한,Method,URL,담당자,현황
위스키 이름 자동 완성 검색어 목록 조회,ANONYMOUS,GET,/api/whiskies/suggest/{whiskyName}/any,Basic,Done
검색한 위스키 목록 조회,ANONYMOUS,GET,/api/whiskies/any,DAWOON LEE,Done
특정 유저의 킵한 위스키 조회,ANONYMOUS,GET,/api/keeps/whiskies/any,DAWOON LEE,Done
위스키 상세 정보 조회,ANONYMOUS,GET,/api/whiskies/{whiskyId}/any,DAWOON LEE,Done
위스키 선호 통계 조회,ANONYMOUS,GET,/api/whiskies/{whiskyId}/statistics/any,DAWOON LEE,Done
특정 위스키 킵 여부 조회,MEMBER,GET,/api/keeps/{whiskyId},DAWOON LEE,Done
특정 위스키 킵 하기/취소,MEMBER,POST,/api/keeps/{whiskyId},DAWOON LEE,Done