﻿API,권한,Method,URI,담당자,현황
소셜 로그인 & 회원가입,ANONYMOUS,GET,/oauth2/authorization/{provider},Basic,Done
Access Token 토큰 재발급,MEMBER,GET,/api/auth/refresh,Basic,Done
유저 기본 정보 조회,ANONYMOUS,GET,/api/members/{memberId}/any,Basic,Done
내 닉네임 수정,MY,PUT,/api/members,Basic,Done
내 프로필 사진 수정,MY,PUT,/api/members,Basic,Done
유저 뱃지 목록 조회,ANONYMOUS,GET,/api/members/{memberId}/badges/any,Basic,Done
유저 선호도 정보 조회,ANONYMOUS,GET,/api/members/{memberId}/preference/any,Basic,Done
유저 선호도 정보 저장 / 수정,MY,POST,/api/members/preference,Basic,Done